<?xml version="1.0" encoding="UTF-8"?>
<project-private xmlns="http://www.netbeans.org/ns/project-private/1">
    <editor-bookmarks xmlns="http://www.netbeans.org/ns/editor-bookmarks/2" lastBookmarkId="0"/>
    <open-files xmlns="http://www.netbeans.org/ns/projectui-open-files/2">
        <group>
            <file>file:/C:/Users/DELL/Documents/NetBeansProjects/agendaJava/src/Vistas/VentanaPrincipal.java</file>
            <file>file:/C:/Users/DELL/Documents/NetBeansProjects/agendaJava/src/Vistas/persona/VentanaAgregarPersona.java</file>
            <file>file:/C:/Users/DELL/Documents/NetBeansProjects/agendaJava/src/jorgemartinez/AgendaJava/Modelo/Evento.java</file>
            <file>file:/C:/Users/DELL/Documents/NetBeansProjects/agendaJava/src/Vistas/persona/VentanaBuscarPersona.java</file>
            <file>file:/C:/Users/DELL/Documents/NetBeansProjects/agendaJava/src/jorgemartinez/AgendaJava/Controladores/ControlPersona.java</file>
            <file>file:/C:/Users/DELL/Documents/NetBeansProjects/agendaJava/src/jorgemartinez/AgendaJava/Modelo/Persona.java</file>
            <file>file:/C:/Users/DELL/Documents/NetBeansProjects/agendaJava/src/jorgemartinez/AgendaJava/Modelo/Invitacion.java</file>
            <file>file:/C:/Users/DELL/Documents/NetBeansProjects/agendaJava/src/jorgemartinez/AgendaJava/Principal.java</file>
        </group>
    </open-files>
</project-private>
