<?xml version="1.0" encoding="UTF-8"?>
<project-private xmlns="http://www.netbeans.org/ns/project-private/1">
    <editor-bookmarks xmlns="http://www.netbeans.org/ns/editor-bookmarks/2" lastBookmarkId="0"/>
    <open-files xmlns="http://www.netbeans.org/ns/projectui-open-files/2">
        <group>
            <file>file:/C:/Users/jhond/OneDrive/Imágenes/Documentos/NetBeansProjects/ABP_DESARROLLO_PAGOS_DE_SUELDOS/src/GUI/VentanaResultado.java</file>
            <file>file:/C:/Users/jhond/OneDrive/Imágenes/Documentos/NetBeansProjects/ABP_DESARROLLO_PAGOS_DE_SUELDOS/src/PAGOS_DE_SUELDOS/Main.java</file>
            <file>file:/C:/Users/jhond/OneDrive/Imágenes/Documentos/NetBeansProjects/ABP_DESARROLLO_PAGOS_DE_SUELDOS/src/PAGOS_DE_SUELDOS/ConceptoDeNomina.java</file>
            <file>file:/C:/Users/jhond/OneDrive/Imágenes/Documentos/NetBeansProjects/ABP_DESARROLLO_PAGOS_DE_SUELDOS/src/PAGOS_DE_SUELDOS/Empleado.java</file>
            <file>file:/C:/Users/jhond/OneDrive/Imágenes/Documentos/NetBeansProjects/ABP_DESARROLLO_PAGOS_DE_SUELDOS/src/PAGOS_DE_SUELDOS/Sueldo.java</file>
            <file>file:/C:/Users/jhond/OneDrive/Imágenes/Documentos/NetBeansProjects/ABP_DESARROLLO_PAGOS_DE_SUELDOS/src/GUI/VentanaCrudContrato2.java</file>
            <file>file:/C:/Users/jhond/OneDrive/Imágenes/Documentos/NetBeansProjects/ABP_DESARROLLO_PAGOS_DE_SUELDOS/src/GUI/VentanaCrudEmpleado.java</file>
            <file>file:/C:/Users/jhond/OneDrive/Imágenes/Documentos/NetBeansProjects/ABP_DESARROLLO_PAGOS_DE_SUELDOS/src/PAGOS_DE_SUELDOS/Contrato.java</file>
            <file>file:/C:/Users/jhond/OneDrive/Imágenes/Documentos/NetBeansProjects/ABP_DESARROLLO_PAGOS_DE_SUELDOS/src/GUI/Ventana.java</file>
        </group>
    </open-files>
</project-private>
